Date,Close,High,Low,Open,Volume
,SUNPHARMA.NS,SUNPHARMA.NS,SUNPHARMA.NS,SUNPHARMA.NS,SUNPHARMA.NS
2024-01-01,1241.66259765625,1245.307978321413,1234.0269022530872,1242.401535921072,733452
2024-01-02,1277.08203125,1279.8407815815274,1238.6080599009467,1242.4012514043925,3174447
2024-01-03,1279.4468994140625,1285.4077159549342,1272.1068277162012,1277.082273006531,1699057
2024-01-04,1293.5850830078125,1308.9057821602453,1277.919690374378,1284.7671358200676,2851729
2024-01-05,1281.023193359375,1298.5607077787577,1268.017929371215,1298.5607077787577,2960339
2024-01-08,1286.048095703125,1290.6294163425855,1280.1365900832898,1286.146596742811,1678133
2024-01-09,1304.47216796875,1313.7827406971296,1287.575091285873,1295.5555993773246,1712486
2024-01-10,1305.3095703125,1313.8320142564787,1293.7821834247259,1310.4329469169727,1278475
2024-01-11,1296.83642578125,1312.25562557196,1290.8756100562223,1308.4131232193733,1320281
2024-01-12,1306.393310546875,1310.3836245792972,1286.2942895135916,1299.5458652782654,1538242
2024-01-15,1309.7432861328125,1320.2362324822648,1302.1075915046501,1309.5954744408705,1475983
2024-01-16,1294.0777587890625,1311.9108964643617,1288.264874639756,1310.433020100324,824502
2024-01-17,1279.8409423828125,1300.9745264643198,1275.25950156049,1292.6492043158198,2544642
2024-01-18,1316.048828125,1323.5860212114717,1270.9736015581134,1279.7915485927547,2842572
2024-01-19,1315.901123046875,1324.5713793717275,1309.5463026322188,1320.2362512093014,1605745
2024-01-23,1357.9713134765625,1374.0308303921267,1296.5901365632235,1296.5901365632235,4129729
2024-01-24,1361.71533203125,1369.4988386936313,1340.2861235840655,1359.6463290627419,1719845
2024-01-25,1348.118896484375,1369.5972946101022,1328.610879950012,1363.1439731764312,1870910
2024-01-29,1380.188720703125,1399.8937390099686,1335.2119923637767,1344.8674994420849,3413149
2024-01-30,1351.5179443359375,1388.415543040726,1348.9563160077219,1381.223283514193,1935332
2024-01-31,1397.5291748046875,1417.67762907989,1346.7395600258449,1351.4686924675123,5796356
2024-02-01,1387.183837890625,1409.3519812444144,1378.267390170248,1405.9529140381167,2442481
2024-02-02,1395.7557373046875,1412.7020049895623,1384.4253517455281,1388.2185437265737,1775449
2024-02-05,1442.2103271484375,1444.377831037948,1402.6031684873751,1405.7560435547105,3481964
2024-02-06,1453.3436279296875,1456.200879690772,1425.2147859406255,1428.613853553193,1893995
2024-02-07,1474.13232421875,1478.3196404748578,1458.565432416797,1461.1270606606745,2259235
2024-02-08,1477.4822998046875,1485.265806359655,1463.442473774422,1478.910985843386,2213750
2024-02-09,1520.783203125,1524.9447974649333,1478.621750498406,1487.1927769624535,6343881
2024-02-12,1520.436279296875,1540.8977132221253,1507.2082250399828,1525.7869869051349,4059288
2024-02-13,1528.115478515625,1536.8351590056502,1511.5184514921918,1523.4584506584056,4687838
2024-02-14,1506.5146484375,1531.6827017366322,1494.2774616252789,1531.6827017366322,2105672
2024-02-15,1496.110595703125,1515.085729136195,1491.80034703769,1515.085729136195,2161691
2024-02-16,1496.1600341796875,1508.1000335502376,1491.106635130898,1501.163962436669,3480879
2024-02-19,1516.1260986328125,1518.7519212851105,1493.6334583096263,1501.0153716391096,777823
2024-02-20,1524.6474609375,1527.9173713985608,1498.439069323913,1518.0086984322925,2230669
2024-02-21,1529.3045654296875,1535.3488315726308,1518.99952165269,1525.9851842734008,1993748
2024-02-22,1543.82080078125,1546.743810850057,1520.9812617904147,1535.4478997635797,1981678
2024-02-23,1546.9915771484375,1554.1257733494115,1536.240691099623,1543.7712584129804,1340283
2024-02-26,1542.7308349609375,1552.5900374287423,1534.5561795207623,1547.7347633398444,974892
2024-02-27,1568.295166015625,1570.9704592529208,1534.902987517559,1542.532617087237,2140963
2024-02-28,1559.4765625,1572.952334337113,1548.3788965060219,1572.0110587320432,578316
2024-02-29,1563.5390625,1573.2992025117596,1542.285006551624,1560.6160522446564,2350244
2024-03-01,1545.009765625,1567.4529331166602,1533.9121007636436,1565.570261143178,4069161
2024-03-04,1537.925048828125,1554.7697922346883,1534.7543219808447,1536.3892771496357,2298105
2024-03-05,1559.8232421875,1562.0032228024938,1521.3776638434306,1539.6096462015207,1408172
2024-03-06,1589.35107421875,1592.0759591651974,1552.0944896875103,1560.615923874396,1761032
2024-03-07,1591.03564453125,1605.1555041712927,1585.7841201857889,1596.0395729964068,2440999
2024-03-11,1579.046142578125,1612.1411353749522,1571.9119462309395,1600.3993817822793,2994345
2024-03-12,1569.8311767578125,1589.1530899076733,1565.7190531014885,1577.65893198747,1294598
2024-03-13,1544.36572265625,1577.6588391645453,1529.8990845196342,1566.7592990546257,2881503
2024-03-14,1555.8597412109375,1559.9223937881661,1532.1285184424755,1552.9367311424216,3062556
2024-03-15,1534.060791015625,1559.1297834856414,1527.124719528876,1554.4231635482045,3421374
2024-03-18,1556.900146484375,1561.8544826704826,1529.3539889074264,1534.110200028279,2281873
2024-03-19,1534.308349609375,1565.3225430121572,1526.3319407955748,1559.6250563070964,3692624
2024-03-20,1535.2001953125,1545.7033642841745,1506.6136984898294,1545.7033642841745,3412218
2024-03-21,1550.9053955078125,1556.5038197487281,1528.4623487096405,1550.509145366012,2567975
2024-03-22,1594.2064208984375,1606.1958910203246,1551.7972521364366,1554.571728954691,4941447
2024-03-26,1583.5050048828125,1599.9533778399718,1578.5506683923743,1580.4829321969337,3649049
2024-03-27,1589.4998779296875,1611.2989595506388,1577.55987802329,1587.3694889438154,2530169
2024-03-28,1605.75,1619.0771163762304,1593.2649756552387,1595.2467101918069,4427587
2024-04-01,1614.3704833984375,1618.8293860685574,1603.7186603531509,1616.698997268405,1148498
2024-04-02,1607.4345703125,1618.0863944030282,1595.1973826414558,1614.370641813309,1921533
2024-04-03,1605.0562744140625,1614.0731421063563,1579.6405055186913,1594.3053890518863,2098379
2024-04-04,1604.5609130859375,1613.1319392886098,1572.655034904804,1606.0968057592208,2439461
2024-04-05,1594.3055419921875,1623.8829077504172,1591.4320025296315,1596.287276662159,1548980
2024-04-08,1585.09033203125,1604.1150562916894,1582.4150387699353,1596.2871806251508,1170390
2024-04-09,1587.9144287109375,1594.1568200832805,1577.411138641206,1586.3785360246618,1389391
2024-04-10,1589.4007568359375,1593.8100679828237,1569.2861020626651,1588.4098895260322,1928878
2024-04-12,1525.9356689453125,1580.4333714076452,1519.990465040331,1580.4333714076452,8258068
2024-04-15,1525.9852294921875,1529.9981694727094,1490.0662899673428,1503.7401860959262,2474028
2024-04-16,1523.508056640625,1529.2055435825039,1511.2212780009552,1520.9812966581214,2058697
2024-04-18,1502.5511474609375,1531.4349524772215,1492.6919455836849,1531.4349524772215,3266796
2024-04-19,1508.892822265625,1514.342592594203,1489.9671594510837,1491.255335365487,2536516
2024-04-22,1526.03466796875,1533.8625436422576,1508.0504027136317,1514.4910400092872,1680307
2024-04-23,1471.0911865234375,1548.1805912205186,1464.2045860963035,1547.734749310017,9160422
2024-04-24,1472.1810302734375,1489.2734904936742,1465.8394556238197,1471.091100479474,4652803
2024-04-25,1506.2669677734375,1513.3516932417854,1475.054647461071,1476.3922941405046,3846327
2024-04-26,1492.7911376953125,1518.0086613970343,1486.350500424372,1517.017794124582,1794350
2024-04-29,1507.70361328125,1513.847062926256,1496.2591688902846,1502.1547807624052,1091667
2024-04-30,1488.3817138671875,1515.1847221152177,1483.328314941249,1513.0543332767447,1991646
2024-05-02,1505.12744140625,1516.0269817982637,1488.282697164047,1489.273564472412,2494925
2024-05-03,1497.34912109375,1522.96301620579,1487.787227607673,1513.05434336125,3183226
2024-05-06,1515.1846923828125,1519.9903743949872,1494.9709761202325,1504.1364982604891,1240626
2024-05-07,1501.5107421875,1529.0569015706658,1496.3086888509854,1521.9225844215855,1532550
2024-05-08,1507.8524169921875,1511.8654782140864,1488.5305033195425,1496.209725420209,1026357
2024-05-09,1480.999755859375,1515.9772971273844,1476.1940738994706,1507.3072087106332,1477007
2024-05-10,1492.7911376953125,1512.5092996527326,1477.383103226487,1480.9997929620338,1528487
2024-05-13,1511.122314453125,1516.0270594987196,1488.2827734425339,1499.1823143931783,1628326
2024-05-14,1531.1376953125,1533.8129886402858,1502.2044185349287,1511.072632487664,2206236
2024-05-15,1513.45068359375,1536.0919763905758,1506.465020998656,1531.1376400693678,1207536
2024-05-16,1522.26953125,1527.0752136213641,1494.525245940947,1515.036151340803,2684392
2024-05-17,1517.4141845703125,1523.26032574341,1506.2669276131057,1521.9721498906079,1341676
2024-05-21,1526.8768310546875,1544.0684745001595,1510.081679653331,1516.0268831165333,1791791
2024-05-22,1525.2420654296875,1549.7164390711903,1491.651640161537,1532.8716951682425,3948239
2024-05-23,1481.4456787109375,1496.2096256986629,1453.6023317218135,1496.2096256986629,11618479
2024-05-24,1473.1224365234375,1491.9489161179804,1463.6101341825552,1490.264490010137,5307322
2024-05-27,1452.6610107421875,1487.2917734745438,1447.2112407527738,1473.1223231198771,3474806
2024-05-28,1451.521484375,1465.5917511915336,1442.6531497574472,1455.5344242351528,2616438
2024-05-29,1465.443115234375,1481.3465834590531,1452.264652984916,1454.6922294384935,2843365
2024-05-30,1445.7744140625,1463.9073335433416,1436.2621124313528,1462.5200951698355,3133423
2024-05-31,1446.4681396484375,1465.8891146276512,1426.8489186350134,1451.6206012502048,5503924
2024-06-03,1439.77978515625,1484.3192221104146,1437.7484587998742,1482.8329211536952,1855318
2024-06-04,1416.7916259765625,1462.817485975309,1364.6224369210902,1448.2516636678051,5055952
2024-06-05,1473.7169189453125,1476.392212155619,1418.9219112797628,1436.4602133372734,2487724
2024-06-06,1459.250244140625,1480.3557662993753,1441.7615328225586,1480.3557662993753,3004955
2024-06-07,1493.08837890625,1496.308697657331,1458.7053316999782,1466.3845533371714,3404664
2024-06-10,1499.28125,1507.8026843761131,1491.3543117979455,1505.1273911151109,1433942
2024-06-11,1486.05322265625,1511.0726218041548,1483.6751169619868,1510.0817545111686,1441589
2024-06-12,1493.08837890625,1500.7181297513312,1482.188838517976,1486.3009620373757,994784
2024-06-13,1497.0023193359375,1500.767542387237,1484.31916990251,1500.767542387237,1412477
2024-06-14,1502.1549072265625,1504.1366419326662,1491.800391769366,1500.0245182264036,937490
2024-06-18,1507.0595703125,1508.9422423720466,1496.4077468462665,1508.6945255472506,1478241
2024-06-19,1490.264404296875,1515.8782995546314,1486.3009351365108,1511.0230256420896,1537367
2024-06-20,1457.5657958984375,1474.3609482235724,1453.602326704968,1474.3609482235724,4168375
2024-06-21,1453.8499755859375,1474.4104710661952,1447.5579927264475,1466.5825955838213,4426556
2024-06-24,1480.8511962890625,1489.1745058925565,1461.5788754723112,1461.5788754723112,3726155
2024-06-25,1491.4534912109375,1494.2279681812674,1478.6713991228485,1484.3688864020542,1833311
2024-06-26,1507.2578125,1514.9370340490873,1481.5943253255027,1488.2826795779335,2563493
2024-06-27,1502.4024658203125,1514.0947477369984,1491.255209272594,1511.072554246316,3881458
2024-06-28,1506.9605712890625,1524.8952459691168,1501.7585177490876,1506.1183582403542,2634599
2024-07-01,1506.2174072265625,1516.027018004749,1490.1158130810873,1506.9605577255843,1451094
2024-07-02,1510.13134765625,1520.88223360401,1494.4755960303783,1500.173082970325,1336816
2024-07-03,1519.94091796875,1522.2199612481754,1484.6165938260622,1505.474278899165,1061099
2024-07-04,1543.6722412109375,1556.65257907322,1512.063549118863,1520.9813551097345,2630823
2024-07-05,1554.0762939453125,1560.3682770947796,1542.7803825601345,1547.734719048767,2481046
2024-07-08,1542.1859130859375,1560.4178958710106,1536.7856136464973,1556.2561805751827,1120204
2024-07-09,1570.9210205078125,1575.379923297913,1535.6461692927805,1550.5091785931154,1492840
2024-07-10,1583.9510498046875,1586.5272807220938,1553.2836327667078,1578.2535625454968,1899956
2024-07-11,1567.3043212890625,1587.8648173641363,1557.940673868389,1586.3785164430467,1707500
2024-07-12,1567.85107421875,1577.8407958793578,1540.71456907935,1572.522869860343,1426598
2024-07-15,1576.69775390625,1585.1468343001195,1567.8511668003757,1570.4851947931106,832804
2024-07-16,1569.839111328125,1585.4450105452113,1565.515073319043,1579.4809540792105,688481
2024-07-18,1584.6995849609375,1587.0354829290752,1560.8433578704169,1565.5649028154157,1665636
2024-07-19,1559.2529296875,1580.2265045682304,1555.7738966533823,1575.2067083691004,1649335
2024-07-22,1577.8408203125,1579.9779648221245,1545.734389017934,1545.734389017934,826636
2024-07-23,1592.0054931640625,1596.0312799274514,1564.8691082839905,1577.492979623114,1502677
2024-07-24,1609.74853515625,1615.2155870629501,1582.4630246302463,1592.4031190060646,2923358
2024-07-25,1655.8209228515625,1671.2280686985412,1592.601827337244,1605.1760706350055,5329712
2024-07-26,1703.980712890625,1713.4735517474362,1655.0257470980841,1660.4430501070212,4591049
2024-07-29,1712.9267578125,1718.3938097016448,1682.609470063606,1704.9746823373803,3187339
2024-07-30,1691.4063720703125,1715.1134720106995,1686.8339530946107,1705.8195083813741,1525840
2024-07-31,1709.050048828125,1720.5805336759206,1685.0446973929186,1691.9033865656975,1594881
2024-08-01,1704.9249267578125,1735.9877214627563,1671.228104133123,1715.1632724281787,5258291
2024-08-02,1721.2764892578125,1731.365709448382,1673.7627889874204,1689.8160658810996,2992406
2024-08-05,1710.0440673828125,1747.4685460062142,1704.7261412973023,1714.6662354156538,5165558
2024-08-06,1697.32080078125,1723.6123008953944,1693.7422698673302,1714.666216288671,1710278
2024-08-07,1724.0595703125,1726.4452171610887,1699.1597074290225,1709.696182892997,1922313
2024-08-08,1726.6441650390625,1738.1746504004755,1717.9962100137195,1724.606397129315,2480113
2024-08-09,1724.9046630859375,1739.3178002443422,1719.6861134251358,1739.3178002443422,751683
2024-08-12,1723.4632568359375,1738.0255195143181,1719.6860937376455,1724.60639196874,1526788
2024-08-13,1729.67578125,1741.355392028021,1715.262644545208,1729.5764045750166,2076963
2024-08-14,1731.216552734375,1742.4985355277418,1722.2207188327993,1737.0314836478772,2207250
2024-08-16,1732.3099365234375,1740.6596400147703,1718.2944278089017,1739.1188768605268,2180718
2024-08-19,1737.3297119140625,1742.349386679045,1730.2225202969262,1742.349386679045,1363446
2024-08-20,1755.7685546875,1760.1919695105432,1734.6956030397716,1741.305790100941,1766597
2024-08-21,1754.0787353515625,1761.334931264831,1746.7727904320157,1759.3966614446183,1184193
2024-08-22,1740.16259765625,1758.8996507644865,1737.926076484043,1758.8996507644865,1369554
2024-08-23,1765.1123046875,1770.778110093438,1741.405203252481,1743.2440964920193,3515492
2024-08-26,1761.83203125,1769.3368512614747,1753.9297045229619,1769.3368512614747,933372
2024-08-27,1778.6805419921875,1781.8613237106872,1756.5638316315262,1767.3488099440847,1231023
2024-08-28,1800.9959716796875,1812.0792011547785,1775.6487310711045,1786.1355791526255,1768949
2024-08-29,1788.4217529296875,1815.9061384750173,1779.5254168926538,1799.0577268423174,3205924
2024-08-30,1810.7373046875,1817.1983659905648,1780.569142717152,1787.3780830533426,3036374
2024-09-02,1805.0714111328125,1825.9953585786536,1794.385809551582,1818.9875434246476,1617946
2024-09-03,1800.6480712890625,1828.530084163436,1794.286386708668,1809.0971513917161,2148689
2024-09-04,1821.8701171875,1824.0072616801647,1790.5091932029075,1800.6480406177757,2473477
2024-09-05,1815.5582275390625,1832.8540159235856,1809.0971662310942,1822.2180421978128,1902919
2024-09-06,1813.6199951171875,1838.9174871480113,1794.1870617849515,1808.6499478546255,1701134
2024-09-09,1810.93603515625,1824.4049113149943,1801.9899503881206,1813.6199333901131,1544883
2024-09-10,1825.3492431640625,1831.213923231609,1814.7630181729983,1819.0373073762216,1460472
2024-09-11,1834.6431884765625,1846.3725484911547,1820.1306748127583,1825.3989734194408,1701900
2024-09-12,1854.2252197265625,1860.2886529972436,1829.3749839130808,1844.036623043035,2744070
2024-09-13,1842.64501953125,1853.8276258534222,1840.3091215895386,1853.8276258534222,1322430
2024-09-16,1851.789794921875,1862.1275171268032,1839.8120542500783,1850.8455345113118,1284085
2024-09-17,1854.9210205078125,1858.4498026102024,1848.1120800059343,1851.8396154637921,738265
2024-09-18,1825.0013427734375,1856.8096450439984,1818.6396580515166,1856.8096450439984,1202676
2024-09-19,1834.9912109375,1844.8815565222462,1824.007357876251,1834.1462058258305,1675819
2024-09-20,1854.5731201171875,1859.791669698115,1830.8660191459262,1840.0108574949816,4229991
2024-09-23,1851.5413818359375,1863.7677467905014,1846.3725811537902,1855.815671070862,812520
2024-09-24,1856.9090576171875,1869.3839249406956,1844.8815673564336,1844.8815673564336,2528953
2024-09-25,1859.3443603515625,1864.7616631294088,1847.4162473677925,1862.7736442987805,956893
2024-09-26,1887.027587890625,1893.5880260753604,1855.8654155088475,1859.344448627621,2452807
2024-09-27,1937.026123046875,1947.5627200507681,1903.7765562289562,1906.460333147885,3809008
2024-09-30,1915.157958984375,1948.606401248264,1909.5419026625093,1937.3244182573653,2608461
2024-10-01,1908.4483642578125,1923.1597524165147,1890.9538224873572,1913.3190347521831,1275678
2024-10-03,1899.4029541015625,1924.7005676850094,1884.691686883603,1889.4132318228994,2492195
2024-10-04,1898.6077880859375,1940.554938110056,1892.2461033730503,1899.4029228381462,2798189
2024-10-07,1893.83642578125,1906.4602967351616,1876.7395124885295,1898.6077194782617,1691999
2024-10-08,1905.6651611328125,1909.9393287845019,1890.1586386332342,1892.5939131476248,2309881
2024-10-09,1919.2830810546875,1935.3363575953074,1883.1508625908116,1883.200611597861,1597182
2024-10-10,1876.4412841796875,1926.340508569946,1872.614372177284,1918.040554173789,2383012
2024-10-11,1890.55615234375,1897.911846259292,1879.1747931136156,1887.623873114391,1019117
2024-10-14,1898.3095703125,1904.2736270853106,1883.7473074244117,1891.6000064430882,676879
2024-10-15,1887.0771484375,1908.8957281668697,1883.2999854177544,1906.510081273901,1383203
2024-10-16,1887.126953125,1903.2298577843385,1875.6958443754938,1897.5143034095854,1401914
2024-10-17,1878.2305908203125,1912.1262885455224,1868.3898730706596,1912.0269118690699,1447059
2024-10-18,1898.9058837890625,1906.4107034953174,1861.4814046107188,1888.617910491823,1203693
2024-10-21,1885.6358642578125,1909.0448345663708,1879.2245520530685,1907.305318086428,660583
2024-10-22,1876.2425537109375,1894.5819792133514,1869.7317433894616,1880.6658471519731,1192915
2024-10-23,1828.3311767578125,1878.230521745152,1821.0252318911228,1868.787432387638,1673366
2024-10-24,1837.8240966796875,1848.4103215917642,1818.4905400705327,1819.0372938037417,1739776
2024-10-25,1849.255126953125,1864.3640214194536,1839.0167815148764,1845.6767173520514,2148004
2024-10-28,1891.5006103515625,1904.5221099040791,1824.007344297487,1852.0383623063865,2445724
2024-10-29,1860.3880615234375,1911.1819201280014,1850.8455950754972,1910.486162048929,2295542
2024-10-30,1841.0048828125,1869.6324035817515,1809.097203653238,1857.3066621022392,1900203
2024-10-31,1837.8240966796875,1861.2826954357959,1831.0647838829411,1848.8575773087211,2572932
2024-11-01,1847.2672119140625,1853.777901098949,1820.5780820771033,1848.857602788437,107596
2024-11-04,1798.063720703125,1833.947437626822,1749.5560109446405,1833.947437626822,5031861
2024-11-05,1792.79541015625,1822.019312097638,1788.6702466930212,1794.1870476466102,1658010
2024-11-06,1816.50244140625,1828.9773079936704,1791.403703891663,1804.6738265399133,2060619
2024-11-07,1780.22119140625,1833.9474511810752,1768.1440735550743,1833.9474511810752,1909269
2024-11-08,1798.7593994140625,1804.1768234879692,1780.221099697721,1789.0181800246908,1644075
2024-11-11,1783.849365234375,1806.7613319846516,1781.2152158789804,1806.5128296178982,1069649
2024-11-12,1790.0618896484375,1814.067242078546,1784.3463353240804,1791.105648104155,2471888
2024-11-13,1768.3427734375,1786.5331945160656,1759.843944287555,1780.2708865804175,1810332
2024-11-14,1757.607421875,1785.2409325062024,1752.587747067536,1769.038530295836,1473358
2024-11-18,1737.280029296875,1788.2230139923206,1732.7572377297588,1788.2230139923206,1533025
2024-11-19,1766.603271484375,1795.9265498688394,1719.6363255973943,1719.6860746048494,1933316
2024-11-21,1769.3367919921875,1780.7181514724755,1747.518333458013,1761.3847165225598,2014349
2024-11-22,1784.545166015625,1804.0773541103713,1757.4584092332875,1774.3068204209967,1420813
2024-11-25,1788.1236572265625,1819.0373274303845,1773.46201756558,1795.1811001853957,3137448
2024-11-26,1751.0469970703125,1795.9265473448288,1742.697293545442,1795.9265473448288,1589883
2024-11-27,1738.9697265625,1767.9451253446468,1729.8248884589423,1749.555951124569,1982546
2024-11-28,1723.86083984375,1750.1523405160722,1713.0758618844832,1738.9697345202571,3071758
2024-11-29,1770.2314453125,1785.0422103145252,1728.781178642173,1732.459086393022,2427677
2024-12-02,1797.7158203125,1803.133123222065,1781.4140412371712,1789.2169910693037,1948045
2024-12-03,1789.2667236328125,1821.0252763968017,1777.6367404943205,1820.279769324041,1543970
2024-12-04,1789.415771484375,1803.9780342608458,1774.3068763113474,1799.6541174015094,2320116
2024-12-05,1802.5863037109375,1815.0114212510307,1764.764318722317,1797.8647590457022,2742263
2024-12-06,1794.0379638671875,1813.0235204362225,1790.211051683591,1804.9720680140613,1590478
2024-12-09,1795.8271484375,1809.0474009607613,1785.9366818746375,1803.9283495032396,1528215
2024-12-10,1799.1072998046875,1812.0791712612909,1785.2409169420068,1810.0911524228254,2043634
2024-12-11,1803.133056640625,1815.4090484971348,1794.2367210213706,1813.3714020248613,1745911
2024-12-12,1794.63427734375,1809.0971630897823,1787.278704630992,1808.1031536595133,1082394
2024-12-13,1802.5863037109375,1805.9163322829131,1763.4224302957946,1793.938470438648,1391111
2024-12-16,1798.9583740234375,1811.582245663361,1781.6128360969233,1807.8049611697065,1483330
2024-12-17,1778.3326416015625,1804.872645180118,1772.4182126153903,1799.1570908858673,1608164
2024-12-18,1790.2607421875,1811.5324470341197,1782.0601643453367,1787.228964873871,1732860
2024-12-19,1812.37744140625,1818.4408746586034,1780.072134946372,1790.2109825920095,1924091
2024-12-20,1798.013916015625,1815.0114528384804,1783.352277063152,1812.3774249453702,2513418
2024-12-23,1803.7294921875,1817.0492428525865,1785.8870714073596,1800.1510824978307,1299181
2024-12-24,1808.1031494140625,1820.7767696202359,1792.3481242490984,1804.0277350273366,1121058
2024-12-26,1830.3192138671875,1833.9971215097783,1803.5307086418466,1809.097137103588,1402706
2024-12-27,1850.10009765625,1854.8216425663195,1825.746866014838,1834.4444487439137,1668898
2024-12-30,1872.6143798828125,1884.3933673003578,1843.88748323469,1850.8952982160233,6021550
2024-12-31,1875.0496826171875,1898.5580301377488,1857.604889751023,1865.5569652699246,1844944
2025-01-01,1878.6280517578125,1891.5501741969322,1867.3958181333862,1878.578424090317,1338092
2025-01-02,1866.749755859375,1884.6419260433308,1853.7778839403893,1880.6658882246738,2507223
2025-01-03,1838.569580078125,1872.7137799835841,1832.9534024892405,1866.7497233594324,1515825
2025-01-06,1836.3330078125,1845.378469173282,1814.7133031507608,1839.414412714871,1397724
2025-01-07,1842.297119140625,1853.8276043691608,1834.5935459857399,1837.4761976276345,1615649
2025-01-08,1826.7408447265625,1851.4419549936226,1818.2420154958497,1851.4419549936226,1298188
2025-01-09,1815.4090576171875,1829.97131970886,1803.1330656990071,1829.97131970886,1199181
2025-01-10,1774.1080322265625,1823.609627726484,1762.1301703765837,1814.5144174149893,857827
2025-01-13,1736.43505859375,1774.8535464694905,1732.011643926024,1773.9091647287441,1645287
2025-01-14,1760.2415771484375,1773.3625744450123,1731.6638059985844,1744.486551930153,1962645
2025-01-15,1746.325439453125,1764.3667348405706,1737.2302289183922,1762.1799626344132,857867
2025-01-16,1752.7369384765625,1764.9631820947725,1730.3717255101521,1764.4165496923545,2180496
2025-01-17,1775.84765625,1781.2152102837745,1757.011104105839,1768.342836262005,1163986
2025-01-20,1767.5972900390625,1789.6642511133803,1757.7069446278845,1778.6307705762215,1341246
2025-01-21,1752.140380859375,1794.9325355307237,1748.959599206041,1761.4840938072273,2489267
2025-01-22,1788.1732177734375,1792.7953858964597,1763.2236053174029,1766.354759293582,2262270
2025-01-23,1822.61572265625,1828.7289051066414,1775.3506456089797,1777.3882921997465,1974760
2025-01-24,1811.283935546875,1832.0587569101306,1797.3678035212165,1818.0432482092401,1277935
2025-01-27,1776.145751953125,1813.32172945185,1763.6710062258558,1807.2085470992783,1452975
2025-01-28,1695.2830810546875,1769.336783510609,1682.9573398680411,1769.138030160438,5972497
2025-01-29,1724.9542236328125,1733.5524293881247,1685.8399772031305,1695.2830666980772,1433336
2025-01-30,1728.6817626953125,1749.7548352593133,1714.964505465909,1730.023651148107,2017991
2025-01-31,1733.502685546875,1759.2475538828826,1695.829825468117,1731.5644157067002,4275269
2025-02-01,1731.76318359375,1778.2828735388803,1722.9165967217214,1729.576411379347,1477972
2025-02-03,1730.1728515625,1775.2015288899793,1700.3029399245277,1770.7781139646138,2210231
2025-02-04,1754.6751708984375,1765.6092747816738,1730.2225628455542,1738.8207688033624,2796294
2025-02-05,1742.25,1763.17394669565,1724.805086252574,1763.17394669565,1787905
2025-02-06,1742.0,1768.3499755859375,1736.300048828125,1753.0,3421791
2025-02-07,1749.800048828125,1753.0,1727.300048828125,1751.4000244140625,1371545
2025-02-10,1732.0999755859375,1750.0,1723.699951171875,1741.25,1237839
2025-02-11,1699.75,1734.199951171875,1695.050048828125,1725.199951171875,2779274
2025-02-12,1693.8499755859375,1714.949951171875,1688.050048828125,1706.449951171875,1757284
2025-02-13,1746.3499755859375,1752.75,1699.949951171875,1700.0,2750390
2025-02-14,1700.5,1748.949951171875,1685.0,1747.3499755859375,2123774
2025-02-17,1714.199951171875,1735.3499755859375,1696.050048828125,1700.5,2277889
2025-02-18,1701.5999755859375,1729.75,1698.4000244140625,1714.199951171875,2163972
2025-02-19,1676.5999755859375,1699.0,1647.0999755859375,1665.0999755859375,2576319
2025-02-20,1669.300048828125,1677.949951171875,1663.0,1667.1500244140625,1670915
2025-02-21,1643.75,1684.4000244140625,1632.0,1678.050048828125,2244190
2025-02-24,1639.5,1669.9000244140625,1627.050048828125,1629.75,2357441
2025-02-25,1613.5999755859375,1647.800048828125,1606.25,1639.5,2836717
2025-02-27,1647.5,1653.0999755859375,1605.050048828125,1628.949951171875,2744489
2025-02-28,1593.25,1671.0,1586.4000244140625,1671.0,3549979
2025-03-03,1585.0999755859375,1607.4000244140625,1582.199951171875,1585.300048828125,1425492
2025-03-04,1566.5,1590.0,1556.0,1585.0,1717135
2025-03-05,1582.449951171875,1586.300048828125,1553.050048828125,1564.5999755859375,2428171
2025-03-06,1614.0,1617.9000244140625,1572.550048828125,1598.25,2458676
2025-03-07,1609.300048828125,1628.75,1605.6500244140625,1624.0,980890
2025-03-10,1611.5,1641.449951171875,1602.75,1621.949951171875,1600589
2025-03-11,1655.300048828125,1663.5999755859375,1605.3499755859375,1616.0999755859375,3325416
2025-03-12,1676.8499755859375,1680.25,1658.050048828125,1662.0,2389362
2025-03-13,1683.449951171875,1687.1500244140625,1663.449951171875,1672.0,1666929
2025-03-17,1704.300048828125,1720.1500244140625,1688.3499755859375,1694.050048828125,2588408
2025-03-18,1704.300048828125,1704.300048828125,1704.300048828125,1704.300048828125,0
2025-03-19,1732.3499755859375,1748.0,1726.300048828125,1747.800048828125,2167448
2025-03-20,1750.25,1757.1500244140625,1722.9000244140625,1735.6500244140625,1602232
2025-03-21,1784.5,1792.800048828125,1750.25,1759.0,2483162
2025-03-24,1784.800048828125,1820.0,1777.5999755859375,1794.5,1182084
2025-03-25,1764.75,1795.949951171875,1758.5,1784.800048828125,1471028
2025-03-26,1758.949951171875,1770.800048828125,1746.0999755859375,1767.949951171875,1762361
2025-03-27,1731.449951171875,1752.300048828125,1720.0,1751.0,3279881
2025-03-28,1734.699951171875,1741.3499755859375,1705.199951171875,1731.449951171875,1956781
2025-04-01,1698.3499755859375,1733.949951171875,1681.5999755859375,1731.0,4142445
2025-04-02,1713.6500244140625,1718.449951171875,1685.9000244140625,1695.0,3369489
2025-04-03,1770.0,1812.699951171875,1750.0,1755.0,5715573
2025-04-04,1709.3499755859375,1778.8499755859375,1658.050048828125,1778.8499755859375,5345276
2025-04-07,1666.3499755859375,1692.0,1620.0999755859375,1620.0999755859375,5715334
2025-04-08,1688.3499755859375,1709.8499755859375,1645.0,1645.0,2807382
2025-04-09,1652.199951171875,1679.75,1640.0,1650.0,3481864
2025-04-11,1687.550048828125,1737.0,1682.0999755859375,1710.0,3801939
2025-04-15,1705.0,1724.5,1696.800048828125,1720.0,1993085
2025-04-16,1693.0999755859375,1702.699951171875,1682.0999755859375,1691.0999755859375,2205374
2025-04-17,1751.5,1758.0,1687.4000244140625,1695.0,2683908
2025-04-21,1744.9000244140625,1761.0,1731.300048828125,1761.0,1539511
2025-04-22,1747.4000244140625,1755.0,1734.5,1751.0,961907
2025-04-23,1788.800048828125,1791.300048828125,1742.0999755859375,1754.199951171875,1471029
2025-04-24,1803.9000244140625,1807.9000244140625,1773.9000244140625,1790.0,2101177
2025-04-25,1787.4000244140625,1815.5,1764.199951171875,1806.0,2036801
2025-04-28,1841.5999755859375,1846.0,1781.199951171875,1787.4000244140625,3216482
2025-04-29,1805.5,1846.0,1797.0,1845.0,2886160
2025-04-30,1832.300048828125,1838.9000244140625,1803.300048828125,1810.0,2667314
2025-05-02,1824.5999755859375,1851.199951171875,1813.800048828125,1832.300048828125,1885257
2025-05-05,1836.5999755859375,1843.300048828125,1821.4000244140625,1827.800048828125,1219830
2025-05-06,1819.0999755859375,1827.9000244140625,1799.0,1820.0,1414772
2025-05-07,1781.300048828125,1826.4000244140625,1778.699951171875,1817.9000244140625,2015237
2025-05-08,1767.199951171875,1788.9000244140625,1755.0,1781.300048828125,2647871
2025-05-09,1744.800048828125,1766.300048828125,1731.699951171875,1751.9000244140625,1148956
2025-05-12,1686.199951171875,1712.4000244140625,1623.5999755859375,1695.699951171875,9221075
2025-05-13,1700.0,1748.5,1691.300048828125,1711.0,6988329
2025-05-14,1708.199951171875,1711.4000244140625,1692.0999755859375,1702.0,1639324
2025-05-15,1740.0999755859375,1744.4000244140625,1684.0999755859375,1701.0999755859375,3880385
2025-05-16,1734.9000244140625,1741.5999755859375,1719.0,1740.0,1448249
2025-05-19,1730.199951171875,1765.0,1726.5999755859375,1745.0,2074023
2025-05-20,1707.800048828125,1748.0,1703.300048828125,1743.800048828125,2706777
2025-05-21,1731.800048828125,1758.699951171875,1707.800048828125,1716.4000244140625,2754306
2025-05-22,1718.699951171875,1740.0,1707.199951171875,1734.199951171875,2670554
2025-05-23,1683.5999755859375,1689.5,1636.5999755859375,1658.0,8339783
2025-05-26,1676.0999755859375,1702.4000244140625,1667.0,1693.0999755859375,2282131
2025-05-27,1683.4000244140625,1692.0,1661.0999755859375,1676.0999755859375,2800622
2025-05-28,1666.4000244140625,1686.9000244140625,1663.0,1683.4000244140625,2657712
2025-05-29,1699.800048828125,1703.300048828125,1670.4000244140625,1675.0,2377583
